code,name,revenue_yoy,pe_ttm,max_drawdown
302132.SZ,中航成飞,-26.735973,48.607759,0.10821181887950888
601018.SH,宁波港,12.756471,13.04953,0.05461339465363609
600930.SH,华电新能,8.356196,32.685858,0.21604938271604943
600522.SH,中天科技,31.098877,28.718967,0.42013816202637644
300866.SZ,安克创新,29.053508,23.173502,0.11708953047535726
300803.SZ,指南针,22.880776,229.131186,0.1304705882352941
300476.SZ,胜宏科技,28.773551,41.750752,0.39211324570273
300251.SZ,光线传媒,-89.997629,-60.831438,0.20707442888725133
002625.SZ,光启技术,19.591915,78.085406,0.28049951969260334
002384.SZ,东山精密,63.948188,85.976679,0.39806547619047616
688047.SH,龙芯中科,11.641056,-104.174533,0.3582816356480555
601825.SH,沪农商行,1.816113,6.71098,0.06110386481944979
601077.SH,渝农商行,7.807131,6.004162,0.07244318181818178
301236.SZ,软通动力,17.910256,437.839285,0.1691984108436551
002600.SZ,领益智造,6.450074,45.969928,0.297347316471314
001391.SZ,国货航,14.669024,20.562094,0.13211845102505687
601058.SH,赛轮轮胎,13.876016,11.277808,0.14109232769830937
600066.SH,宇通客车,3.652478,10.580658,0.25295857988165676
600160.SH,巨化股份,0.06505,20.660859,0.3131271759164448
601127.SH,赛力斯,-7.866135,60.465276,0.2756626506024096
600482.SH,中国动力,11.541621,45.183994,0.24014380477261246
002463.SZ,沪电股份,61.168283,44.546798,0.29679533867443564
300394.SZ,天孚通信,15.149229,114.986372,0.41540602908318375
601136.SH,首创证券,20.249322,30.582693,0.12673392181588902
688472.SH,阿特斯,-39.272483,50.996567,0.23374175306314787
688506.SH,百利天恒,9.426046,-62.875458,0.30166812993854253
300502.SZ,新易盛,100.339234,42.494484,0.34759677929749305
000630.SZ,铜陵有色,59.983717,19.226927,0.18247126436781602
000975.SZ,山金国际,4.471125,16.178681,0.2436773752563227
002028.SZ,思源电气,27.04909,28.528022,0.338957138957139
002422.SZ,科伦药业,-2.695001,33.57109,0.24829600778967867
301269.SZ,华大九天,12.94515,3685.268938,0.3186127542338546
300316.SZ,晶盛机电,-40.468584,106.029768,0.27292707292707286
300308.SZ,中际旭创,182.491381,46.936039,0.31960833542555867
300274.SZ,阳光电源,-28.991392,15.298251,0.36443468715697036
300014.SZ,亿纬锂能,62.201535,17.735683,0.19546838011498144
300122.SZ,智飞生物,-18.358795,-2.073763,0.18599999999999994
300015.SZ,爱尔眼科,3.811354,28.705862,0.13436123348017617
300033.SZ,同花顺,48.681902,40.776691,0.19100526939259013
000999.SZ,华润三九,1.373737,11.931075,0.10588685015290518
002466.SZ,天齐锂业,153.321994,14.612564,0.3341780706200372
002371.SZ,北方华创,24.903876,80.934783,0.28736495793631817
002311.SZ,海大集团,9.194273,21.081043,0.16649766781585887
002460.SZ,赣锋锂业,175.748322,13.723826,0.3315252074026803
002352.SZ,顺丰控股,5.888843,14.281287,0.12619116373086903
000166.SZ,申万宏源,18.306095,9.921347,0.0676691729323309
002415.SZ,海康威视,11.967318,17.935205,0.15546218487394978
002304.SZ,洋河股份,-28.759935,120.127255,0.13729603729603732
688271.SH,联影医疗,17.215669,49.34847,0.14906252651225932
002648.SZ,卫星化学,30.916756,10.262693,0.10647773279352223
002709.SZ,天赐材料,109.276791,15.70559,0.38369741100323623
000301.SZ,东方盛虹,14.787422,20.59175,0.17813178855901526
002493.SZ,荣盛石化,-12.933271,25.528926,0.15125495376486134
002475.SZ,立讯精密,40.160552,21.709771,0.2238916811738444
002594.SZ,比亚迪,-7.128167,25.817798,0.1303395171219299
605117.SH,德业股份,92.234906,22.679976,0.22302377565535464
605499.SH,东鹏饮料,15.893339,16.625026,0.2272857552307251
300413.SZ,芒果超媒,3.858318,52.739475,0.24298642533936654
300433.SZ,蓝思科技,-12.420366,48.322882,0.4054001928640309
300408.SZ,三环集团,54.82403,69.627369,0.35779298666478515
000338.SZ,潍柴动力,8.847564,16.377967,0.2234908219264492
002179.SZ,中航光电,0.501879,37.902415,0.2630737611326786
002230.SZ,科大讯飞,6.524051,102.321097,0.15666742132669237
002236.SZ,大华股份,10.027874,13.214819,0.10386245878473845
002241.SZ,歌尔股份,6.649355,20.647508,0.1187628865979381
000157.SZ,中联重科,9.174945,12.161011,0.23673997412677877
002142.SZ,宁波银行,11.544672,7.330722,0.043490381934764295
601872.SH,招商轮船,56.152478,15.37188,0.20195065978198506
000792.SZ,盐湖股份,79.879267,10.156411,0.21593220338983055
601898.SH,中煤能源,-1.761016,10.255619,0.1439159975293392
002916.SZ,深南电路,46.328289,60.640345,0.357149313087491
002714.SZ,牧原股份,-22.301638,-214.83659,0.0793722992949739
002736.SZ,国信证券,13.3967,8.668362,0.0815939278937381
688981.SH,中芯国际,19.435688,138.473173,0.3406358381502891
688396.SH,华润微,17.444635,71.629056,0.4407766990291262
000977.SZ,浪潮信息,5.22031,21.564321,0.25887034376036255
000938.SZ,紫光股份,33.929615,32.002696,0.29933184855233846
000963.SZ,华东医药,1.807236,13.694315,0.18380259411578623
000063.SZ,中兴通讯,9.045951,44.456711,0.23253321368927443
000895.SZ,双汇发展,-1.155416,16.052971,0.13668528864059595
601916.SH,浙商银行,0.024062,5.917655,0.07843137254901968
601995.SH,中金公司,50.471297,10.778625,0.19968512201521924
601985.SH,中国核电,-6.284882,25.43088,0.041804180418041695
601919.SH,中远海控,2.587003,9.394547,0.08266360505166481
601901.SH,方正证券,29.622394,11.993974,0.07619313424504609
601939.SH,建设银行,10.717447,8.307315,0.09206927985414765
601988.SH,中国银行,8.480166,8.578564,0.06677524429967414
688256.SH,寒武纪,108.133137,192.502975,0.36870118109979744
688041.SH,海光信息,66.519571,177.918479,0.3845540086942167
688223.SH,晶科能源,-22.317245,-5.345706,0.19474835886214442
688303.SH,大全能源,-57.63436,-20.952242,0.20837589376915214
688126.SH,沪硅产业,36.514677,-37.395162,0.41154362416107376
688111.SH,金山办公,24.69367,28.559751,0.20472864051585163
688036.SH,传音控股,21.852059,19.68703,0.23397341211226
601816.SH,京沪高铁,3.942505,17.161751,0.08480661905319432
601838.SH,成都银行,4.126417,5.946295,0.04754686473649633
601788.SH,光大证券,18.166929,14.662619,0.10927456382001839
601800.SH,中国交建,-1.15557,7.495393,0.09291338582677164
601818.SH,光大银行,-4.323554,5.367334,0.071875
601766.SH,中国中车,9.956999,12.61226,0.07246376811594206
601857.SH,中国石油,5.342681,11.632095,0.064486830154405
688012.SH,中微公司,34.888635,73.466823,0.3429674081299433
688008.SH,澜起科技,26.65854,82.828451,0.35808135664482676
603986.SH,兆易创新,178.672298,31.828753,0.4864429004205037
603993.SH,洛阳钼业,42.783909,12.942861,0.18832891246684355
000858.SZ,五粮液,20.870729,20.444429,0.12283604887983714
601689.SH,拓普集团,9.776994,32.237453,0.3077431071487535
601728.SH,中国电信,-3.86435,19.22068,0.060005547508244376
601658.SH,邮储银行,7.264581,7.124362,0.059386973180076554
601698.SH,中国卫通,0.660037,260.270215,0.29957420924574213
601669.SH,中国电建,-1.074443,9.265155,0.08502024291497992
601633.SH,长城汽车,10.57761,19.739093,0.18977673325499417
000776.SZ,广发证券,74.585674,8.208747,0.15196917808219182
601668.SH,中国建筑,-11.961555,5.506018,0.11344537815126052
601688.SH,华泰证券,45.862123,7.84578,0.14681970349115256
601059.SH,信达证券,19.525881,25.655201,0.09482257126236188
600989.SH,宝丰能源,32.332112,10.718014,0.10357286230429553
601012.SH,隆基绿能,-17.578129,-10.872795,0.18599397590361438
601998.SH,中信银行,3.050796,7.034953,0.05926860025220678
601607.SH,上海医药,4.150598,12.353069,0.055291319857312705
601360.SH,三六零,9.014037,82.376651,0.13149847094801217
601336.SH,新华保险,18.870376,3.938359,0.12189758089852339
601377.SH,兴业证券,24.538062,13.508874,0.06209150326797384
601600.SH,中国铝业,7.735279,8.520892,0.13459621136590227
601390.SH,中国中铁,-7.695707,5.249365,0.0885529157667387
601398.SH,工商银行,9.076967,7.76368,0.07730061349693261
601601.SH,中国太保,5.805602,5.202951,0.10844782227418885
600926.SH,XD杭州银,4.749336,6.038307,0.03553615960099753
600919.SH,江苏银行,9.110702,6.205435,0.045958795562599054
600893.SH,航发动力,47.21209,149.694312,0.16459948320413448
600887.SH,伊利股份,4.134549,16.889178,0.0917298663777538
600900.SH,长江电力,3.356226,19.296301,0.05900305188199385
002074.SZ,国轩高科,43.220643,13.903666,0.12761506276150628
002049.SZ,紫光国微,13.000477,32.042818,0.3267883798369503
002001.SZ,新和成,18.275241,10.945269,0.1958438287153653
002050.SZ,三花智控,3.918056,37.310838,0.26466099847394814
002027.SZ,分众传媒,-1.979287,19.823241,0.16337522441651708
001979.SZ,招商蛇口,6.407972,625.395892,0.15575916230366485
000100.SZ,TCL科技,3.609377,16.353631,0.13432835820895533
603260.SH,合盛硅业,3.937819,-16.102973,0.2915425166170067
603392.SH,万泰生物,24.290498,-88.215997,0.20325462667517552
603369.SH,今世缘,-7.409936,13.520243,0.13786407766990286
603501.SH,豪威集团,0.492596,31.374053,0.3081353491720663
603019.SH,中科曙光,27.621537,48.399126,0.2556279069767442
603259.SH,药明康德,38.934983,22.660376,0.10390106114970618
603288.SH,海天味业,6.006173,26.33192,0.1482152095188825
603799.SH,华友钴业,49.389076,9.359556,0.2722234065231293
600875.SH,东方电气,1.327176,16.945743,0.2233242134062927
600803.SH,新奥股份,-3.031751,13.299285,0.050248481501932646
600845.SH,宝信软件,19.453484,39.615345,0.16790490341753345
601117.SH,中国化学,1.050921,6.718176,0.07750032345710961
601100.SH,恒立液压,32.12691,44.021373,0.23037455105182142
601138.SH,工业富联,54.634988,24.923206,0.22836817653890823
601066.SH,中信建投,51.107714,14.211331,0.20927038626609437
601088.SH,中国神华,7.932255,19.442984,0.06805374945817079
601111.SH,中国国航,10.53796,-52.446807,0.08319999999999993
601166.SH,兴业银行,-0.254395,4.983687,0.08743455497382208
601169.SH,北京银行,5.604948,5.50467,0.05353728489483752
601186.SH,中国铁建,-12.420521,4.924882,0.07488299531981285
600674.SH,川投能源,-4.533262,17.462102,0.0561160151324085
601868.SH,中国能建,-1.781774,19.636181,0.09536951855259128
601878.SH,浙商证券,49.329486,14.057441,0.0795454545454545
601881.SH,中国银河,22.576246,9.156172,0.128995863106431
601877.SH,正泰电器,28.461826,10.362015,0.07689335394126733
601888.SH,中国中免,-1.760336,25.784267,0.12551652892561982
601899.SH,紫金矿业,15.781689,11.562995,0.16014844419069366
601319.SH,中国人保,9.598659,6.222049,0.07857622565480188
601238.SH,广汽集团,9.381202,-4.845216,0.11090909090909097
601229.SH,上海银行,5.479612,5.605432,0.05775075987841931
601211.SH,国泰海通,97.562879,9.140849,0.1510101010101011
601225.SH,陕西煤业,1.169254,12.285852,0.08761766835626364
601318.SH,中国平安,15.010118,5.955713,0.08487600419140773
601288.SH,农业银行,11.065127,8.059036,0.09423347398030942
601328.SH,交通银行,6.7295,6.880192,0.06010928961748639
000768.SZ,中航西飞,-26.937161,66.94105,0.07724425887265127
600515.SH,海南机场,30.363989,144.935616,0.11333333333333329
600489.SH,中金黄金,22.568055,15.396871,0.23147468818782105
600372.SH,中航机载,-1.884735,52.619534,0.06649395509499133
600460.SH,士兰微,14.617988,80.427337,0.43191225165562913
600600.SH,青岛啤酒,-4.081359,14.727759,0.13489991296779807
600584.SH,长电科技,4.955593,60.379338,0.4109403691891369
000708.SZ,中信特钢,-1.906666,10.547427,0.1352265043948615
600918.SH,中泰证券,46.297712,17.078097,0.0793103448275862
600905.SH,三峡能源,-9.359723,90.208762,0.10406091370558379
600941.SH,中国移动,-1.054492,16.08132,0.04751984126984119
600938.SH,中国海油,16.883742,11.507465,0.06972054163065404
601628.SH,中国人寿,81.539908,4.196858,0.1188593338126047
601618.SH,中国中冶,-25.944279,92.781272,0.1021897810218979
000807.SZ,云铝股份,20.300153,8.019796,0.1260764726145367
300832.SZ,新产业,10.775428,22.703574,0.12534359538207812
600027.SH,华电国际,-9.487817,10.77179,0.08230452674897126
600415.SH,小商品城,33.304949,13.233367,0.17606707317073161
300442.SZ,润泽科技,50.054459,19.874241,0.29760013297287263
600026.SH,中远海能,30.030772,17.301323,0.1636256621542084
603296.SH,华勤技术,11.651073,21.963967,0.16854185418541842
688009.SH,中国通号,-3.984707,13.942808,0.10810810810810804
688082.SH,盛美上海,13.867221,82.168325,0.42786681897007045
001965.SZ,招商公路,26.864139,14.205571,0.11494141570640064
300418.SZ,昆仑万维,43.549844,147.834894,0.2859976199920667
000596.SZ,古井贡酒,-27.006457,22.64432,0.13116536522684585
600150.SH,中国船舶,26.005331,20.433748,0.14218645204560681
600426.SH,华鲁恒升,8.873846,13.013209,0.11577028258887888
600196.SH,复星医药,4.75309,18.306682,0.1304347826086956
600085.SH,同仁堂,-14.227121,32.983697,0.13999257333828444
600111.SH,北方稀土,36.747397,38.121293,0.2503688092729189
600104.SH,上汽集团,0.221064,13.397834,0.09625474941197756
600115.SH,中国东航,11.092155,-30.705757,0.14025974025974028
600176.SH,中国巨石,22.502581,34.689549,0.4662278639711644
600183.SH,生益科技,50.045479,61.701932,0.36416772554002547
600089.SH,特变电工,16.96643,16.384644,0.20240295748613674
600188.SH,兖矿能源,13.005122,18.456191,0.16765453005927183
600219.SH,南山铝业,7.526831,11.832819,0.1196078431372548
601009.SH,南京银行,10.939333,6.442157,0.05403225806451612
601006.SH,大秦铁路,6.199976,15.29135,0.07738095238095231
600999.SH,招商证券,108.18737,8.272184,0.19939434087252747
000002.SZ,万科Ａ,-33.377414,-0.483425,0.10119047619047615
000725.SZ,京东方Ａ,1.8308,27.343368,0.3533742331288344
600958.SH,东方证券,19.484274,10.91144,0.0832443970117397
601021.SH,春秋航空,19.716478,18.057055,0.1526685094620455
000333.SZ,美的集团,3.551547,14.098194,0.09050028105677344
002938.SZ,鹏鼎控股,5.14116,48.730219,0.27736602052451537
688521.SH,芯原股份,91.367808,-123.768947,0.4993608473338203
003816.SZ,中国广核,-2.757808,21.677955,0.07692307692307698
002920.SZ,德赛西威,1.753076,19.285577,0.16710046850598645
300124.SZ,汇川技术,20.312158,28.969564,0.2471827894043612
300059.SZ,东方财富,44.482035,19.390504,0.15627950897072704
000001.SZ,平安银行,1.7756,5.045833,0.05096212986556542
300498.SZ,温氏股份,-6.227189,-38.540614,0.07167470709855267
300628.SZ,亿联网络,26.395803,18.049797,0.06324582338902145
300750.SZ,宁德时代,54.800369,15.895392,0.2768748034245608
300760.SZ,迈瑞医疗,5.99633,24.392244,0.09467490438364211
000408.SZ,藏格矿业,23.045494,19.272886,0.21460674157303364
300661.SZ,圣邦股份,42.701439,104.721368,0.3411782010737663
600362.SH,江西铜业,19.534663,12.228287,0.1756647864625302
600309.SH,万华化学,31.258501,13.192992,0.1109403023315398
600276.SH,恒瑞医药,-1.939002,38.201069,0.25791304347826083
600346.SH,恒力石化,-5.453819,10.292038,0.19957310565634998
600233.SH,圆通速递,8.388503,10.89773,0.1385258755880815
000617.SZ,中油资本,14.705807,16.331586,0.12683578104138854
600000.SH,浦发银行,3.553484,5.955017,0.07621009268795058
000425.SZ,徐工机械,11.747839,13.387862,0.23177366702937977
300896.SZ,爱美客,-6.422345,25.32266,0.18833333333333335
300999.SZ,金龙鱼,6.197449,35.510838,0.12990284274919034
000625.SZ,长安汽车,-9.708149,26.864682,0.10673443456162642
600547.SH,山东黄金,-5.59867,22.02924,0.30976253298153034
600519.SH,贵州茅台,1.469869,19.094626,0.09161673128892021
600406.SH,国电南瑞,14.535956,21.648863,0.12445153570003993
600436.SH,片仔癀,-14.979789,38.900719,0.19619467806424934
600438.SH,通威股份,-15.186455,-5.124032,0.18087472201630833
600016.SH,民生银行,3.843391,5.244134,0.07361268403171002
600010.SH,包钢股份,-10.515152,185.71211,0.10043668122270741
600019.SH,宝钢股份,6.182821,12.585669,0.09624796084828709
600015.SH,华夏银行,12.710338,3.919277,0.12091038406827888
600009.SH,上海机场,2.352024,24.311002,0.09363599513579254
000538.SZ,云南白药,2.949476,17.197683,0.06811778781212614
600018.SH,上港集团,9.502464,8.91785,0.041587901701323204
600011.SH,华能国际,-4.572848,9.285014,0.11170928667563931
600025.SH,华能水电,1.45442,22.231827,0.06555772994129157
600023.SH,浙能电力,-8.156039,12.609332,0.09055876685934486
600795.SH,国电电力,1.769906,14.842864,0.05185185185185189
600741.SH,华域汽车,-1.431313,6.78958,0.13120567375886538
600886.SH,国投电力,-7.047751,17.200032,0.0859072906265287
600809.SH,山西汾酒,-12.183213,13.212749,0.14791344667697062
600760.SH,中航沈飞,-57.6773,43.044176,0.12022081373952148
600050.SH,中国联通,0.580148,18.667708,0.0842572062084257
600036.SH,招商银行,4.831469,6.756503,0.05795314426633772
600031.SH,三一重工,19.697184,17.791422,0.17474795967354764
600030.SH,中信证券,50.003528,10.220297,0.11255559356825176
600028.SH,中国石化,1.952306,18.164418,0.08377896613190741
000568.SZ,泸州老窖,-36.353503,13.716966,0.19920221035299338
600048.SH,保利发展,-11.977407,-211.562304,0.10642201834862386
600029.SH,南方航空,9.720597,-66.878314,0.08365019011406835
600061.SH,国投资本,76.360562,10.308874,0.08832335329341316
600039.SH,四川路桥,7.616861,9.852178,0.0993723849372386
000651.SZ,格力电器,-8.145296,7.718235,0.06375092661230537
600690.SH,海尔智家,-2.79818,10.515231,0.11120008543918732
600660.SH,福耀玻璃,2.441849,16.287248,0.10765306122448977
600585.SH,海螺水泥,-10.883753,14.215221,0.10032188841201722
600588.SH,用友网络,4.078272,-22.668869,0.24020016680567147
600570.SH,恒生电子,-11.64832,29.865761,0.16759537076725234
688183.SH,生益电子,53.461707,44.392623,0.3605959494063785
688072.SH,拓荆科技,49.060715,87.81975,0.30370230938459547
601727.SH,上海电气,16.706583,73.833466,0.09544159544159543
600549.SH,XD厦门钨,81.698511,19.504039,0.382277761999432
600221.SH,海航控股,7.357157,23.846554,0.12318840579710141
600118.SH,中国卫星,42.724043,659.446306,0.39954848325442754
301308.SZ,江波龙,136.261058,11.965648,0.5423877970079202
301165.SZ,锐捷网络,32.826807,121.484248,0.3083108108108108
300450.SZ,先导智能,23.880826,29.352754,0.21673706441393875
002837.SZ,英维克,17.238677,141.570763,0.3877685514696191
002602.SZ,世纪华通,28.534489,13.719545,0.15395284327323167
002558.SZ,巨人网络,182.079729,13.503383,0.24762550881953868
002532.SZ,天山铝业,14.24644,7.869596,0.16310541310541304
002353.SZ,杰瑞股份,10.806119,42.893581,0.35423490875058494
002202.SZ,金风科技,18.229345,23.160284,0.2910164487557992
001280.SZ,中国铀业,10.800041,66.722307,0.14500567536889905
000988.SZ,华工科技,2.52666,53.343933,0.4300550550550551
000657.SZ,中钨高新,108.513897,43.159848,0.403554561272682
603893.SH,瑞芯微,40.603559,65.360057,0.23306685408064667
601456.SH,国联民生,13.933029,21.192453,0.0636663007683864
